name, filename
Daydrifter,CH01-001.png
Dracon,CH01-002.png
Funguar,CH01-003.png
Chroma Worm,CH01-004.png
Ravaged Elite,CH01-005.png
Ravaged One,CH01-006.png
Senior Painter,CH01-007.png
Trainee Painter,CH01-008.png
Carmella Tratorious,CH01-009.png
School Librarian,CH01-010.png
Dove Tail,CH01-011.png
Splat Teacher,CH01-012.png
Imp,CH01-013.png
Matron,CH01-014.png
Morag,CH01-015.png
Squad Leader,CH01-016.png
Firetender,CH01-017.png
Mrs Potts,CH01-018.png
Sorrono,CH01-019.png
Wincey Rustwhether,CH01-020.png
Copper Joss,CH01-021.png
Dr Cornelius Hue,CH01-022.png
King Craven Tratorious,CH01-023.png
Spiral Tratorious,CH01-024.png
Sprat Marail,CH01-025.png
Achrom Bomb,CH01-026.png
Ballistics Belt,CH01-027.png
Toadstool cannon,CH01-028.png
Achrom Corruptor,CH01-029.png
Prismsprayer,CH01-030.png
Black Out,CH01-031.png
Bounce,CH01-032.png
Defensive Position,CH01-033.png
Dismantle,CH01-034.png
Excess Paint Pots,CH01-035.png
Full Palette,CH01-036.png
Snuff Out,CH01-037.png
Advanced Scouting Party,CH01-038.png
Fleebee,CH01-039.png
Giant Prism,CH01-040.png
Role Reversal,CH01-041.png
Skynet,CH01-042.png
Split Decision,CH01-043.png
Double Trouble,CH01-044.png
Infiltration,CH01-045.png
Achrom Factory,CH01-046.png
Cogs Village,CH01-047.png
Corrupted Groves,CH01-048.png
Lava Fountain,CH01-049.png
Lost Property,CH01-050.png
Soaking Stone,CH01-051.png
Water Fountain,CH01-052.png
Blueprint Swirl,CH01-053.png
Infirmary,CH01-054.png
Pixie Prison,CH01-055.png
Castle Gates,CH01-056.png
Cocoon Lantern,CH01-057.png
Splat Square,CH01-058.png
Throne Room,CH01-059.png
Guardians of Flutterby Falls,CH01-060.png
Magus Elite Agent,CH01-061.png
Crazed Curdle Resident,CH01-099.png
Magus Elite Detective,CH01-063.png
Magus Elite Inspector,CH01-064.png
Lone Survivor,CH01-065.png
Ludlam City Guard,CH01-066.png
Prism Sapper,CH01-067.png
Rabid Dog,CH01-068.png
Occultist Warlock,CH01-069.png
Delilah Crocket,CH01-070.png
Magus Elite Protector,CH01-071.png
Magus Elite Enforcer,CH01-072.png
Hex Clunker Engineer,CH01-073.png
Green Raven,CH01-074.png
Occultist Shaman,CH01-075.png
Sorcerer Pifarius,CH01-076.png
Jarvis Tremma,CH01-077.png
Conjurer Otrix,CH01-078.png
Detective Huxon,CH01-079.png
Detective Vraxea,CH01-080.png
Cara Curdle,CH01-081.png
Chief Detective Cronas,CH01-082.png
Arabella Von Ruthro,CH01-083.png
Claus Von Ruthro,CH01-084.png
Countess Issadora Curdle,CH01-085.png
Magus Elite Staff,CH01-086.png
Occultist's Athame,CH01-087.png
Magus Elite Muon Trap,CH01-088.png
Cronas' Staff,CH01-089.png
Delilah's Cauldron,CH01-090.png
Abundance of Quintessence,CH01-091.png
Block out the Sun,CH01-092.png
Delilah's Concoction,CH01-093.png
Chromatic Flare,CH01-094.png
Hostile Takeover,CH01-095.png
Mystical Malfunction,CH01-096.png
Restock,CH01-097.png
Achrom Surge,CH01-098.png
Drain the Woods,CH01-099.png
Fireball,CH01-100.png
Occultist Influence,CH01-101.png
Revival,CH01-102.png
Cara's Chroma Cure,CH01-103.png
Magus Elite Investigation,CH01-104.png
Selective Diminish,CH01-105.png
Blueberry Grove,CH01-106.png
Curdle Cave,CH01-107.png
Curdle Glade,CH01-108.png
Curdle Lane,CH01-109.png
Curdle Mine,CH01-110.png
Curdle Woods,CH01-111.png
Silent Thicket,CH01-112.png
Curdle Village,CH01-113.png
Ludlam City Gate,CH01-114.png
Rangled Wood,CH01-115.png
Road to Ludlam,CH01-116.png
Murky Manor,CH01-117.png
Occultist Den,CH01-118.png
Von Ruthro House,CH01-119.png
Hex Clunker,CH01-120.png
Brisgavi Thrall,CH01-121.png
Cave Salamander,CH01-122.png
Cave Snail,CH01-123.png
Cave Spider,CH01-124.png
Lacringi Miner,CH01-125.png
Lacringi Shield Maiden,CH01-126.png
Lacringi Trader,CH01-127.png
Velvet Worm,CH01-128.png
Brisgavi Berserker,CH01-129.png
Brisgavi Hunter,CH01-130.png
Brisgavi Raider,CH01-131.png
Eirik of Lacringi,CH01-132.png
Giant Centipede,CH01-133.png
Glass Eel,CH01-134.png
Gunnar of Brisgavi,CH01-135.png
Magnus of Lacringi,CH01-136.png
Brynhild of Brisgavi,CH01-137.png
Knut,CH01-138.png
Leif of Lacringi,CH01-139.png
Siv of Lacringi,CH01-140.png
Chieftain Snorre of Brisgavi,CH01-141.png
Chieftess Astrid of Lacringi,CH01-142.png
Gisle,CH01-143.png
Solveig,CH01-144.png
Torstein The Mighty,CH01-145.png
Orium Drill,CH01-146.png
Brisgavi Fishing Spear,CH01-147.png
Lacringi Catapult,CH01-148.png
Orium Twine,CH01-149.png
Torstein's Gauntlet,CH01-150.png
Brisgavi Negotiation,CH01-151.png
Brisgavi Snare,CH01-152.png
Brisgavi Totem Worship,CH01-153.png
Dark Waters,CH01-154.png
Icy Waters,CH01-155.png
Lacringi Totem Worship,CH01-156.png
Brisgavi Rage,CH01-157.png
Trader's Lifeline,CH01-158.png
Lacringi Way,CH01-159.png
Trade Embargo,CH01-160.png
Unfair Trade,CH01-161.png
Imbued in the Forges,CH01-162.png
Falling Stalactite,CH01-163.png
Hulder Tail Whip,CH01-164.png
Samr Smash,CH01-165.png
Wishwell Barrens,CH01-166.png
Brisgavi Samr Totem,CH01-167.png
Fishing Dock,CH01-168.png
Brisgavi Falls,CH01-169.png
Brisgavi Shores,CH01-170.png
Lacringi Cliff Dwelling,CH01-171.png
Lacringi Hulder Totem,CH01-172.png
Lacringi Mines,CH01-173.png
Traders Pass,CH01-174.png
Wishwell Market Stall,CH01-175.png
Brisgavi Cave Dwelling,CH01-176.png
Lacringi Forge,CH01-177.png
Wishwell Storehole,CH01-178.png
Lacringi Gardens,CH01-179.png
Norso Totem,CH01-180.png
Draco Fledgling,CH01-181.png
Glacies Draco,CH01-182.png
Draco Hatchling,CH01-183.png
Liquatio Draco,CH01-184.png
Malum Drake,CH01-185.png
Monastery Librarian,CH01-186.png
Roc,CH01-187.png
Ruber Draco,CH01-188.png
Draco Whelp,CH01-189.png
Caeruleum Draco,CH01-190.png
Impius Drake,CH01-191.png
Materno,CH01-192.png
Minima Draco,CH01-193.png
Monastery Keeper,CH01-194.png
Nue,CH01-195.png
Ignis,CH01-196.png
Impundulu,CH01-197.png
Mortius Drake,CH01-198.png
Umbra Aqueous,CH01-199.png
Umbra Igneus,CH01-200.png
Darnacusk,CH01-201.png
The Lost Fairies,CH01-202.png
Tenebris,CH01-203.png
Tengri,CH01-204.png
Vortigen,CH01-205.png
Ring of Fire,CH01-206.png
Ring of Ice,CH01-207.png
Achrom Claw,CH01-208.png
Prism Stone,CH01-209.png
Jade Dragon Pendant,CH01-210.png
Breath of Ice,CH01-211.png
Chroma Overflow,CH01-212.png
Ritual of Knowledge,CH01-213.png
Ritualistic Notion,CH01-214.png
Rummage,CH01-215.png
Strength in Numbers,CH01-216.png
Breath of Fire,CH01-217.png
Dragon Defences,CH01-218.png
Drake Ambush,CH01-219.png
Research Collection,CH01-220.png
Restless Research,CH01-221.png
Sacrificial Ritual,CH01-222.png
Search for Wisdom,CH01-223.png
Chromatic Extinction,CH01-224.png
Prying Eyes,CH01-225.png
Draco Graveyard,CH01-226.png
Draco Planum Library,CH01-227.png
Floating Wasteland,CH01-228.png
Great Cloister,CH01-229.png
Monastery Gates,CH01-230.png
Monastery Nest,CH01-231.png
Monastery Underside,CH01-232.png
Vast Volitarus,CH01-233.png
Achrom Blockade,CH01-234.png
Achrom Haven,CH01-235.png
Chroma Storehouse,CH01-236.png
Achrom Balenium,CH01-237.png
Corrupted Portal,CH01-238.png
Mirror Sanctum,CH01-239.png
Entombed Elders,CH01-240.png
The Curse of Curdle Hill,CH01-PR-001.png
The Siege of Draco Temple,CH01-PR-002.png
The Fall of Flutterby,CH01-PR-003.png
The Warriors of Wishwell,CH01-PR-004.png
Dexter Master of Dragons,PR-DEX01.png
Haruto,CH01-241.png
Hissano,CH01-242.png
Hod,CH01-243.png
Mutans,CH01-244.png
Niimi,CH01-245.png
Phisto,CH01-246.png
Ray,CH01-247.png
Yana,CH01-248.png
Brisingamen,CH01-249.png
Cintimani Stone,CH01-250.png
Club of Dagda,CH01-251.png
Dyrnwyn,CH01-252.png
Golden Apple of Eris,CH01-253.png
Jamshid Orb,CH01-254.png
Mask of Mysterium,CH01-255.png
Serpent's Ring,CH01-256.png
Algiz,RR01-001.png
Peorth,RR01-002.png
Isaz,RR01-003.png
Kaunan,RR01-004.png
Achrom Breach,RR01-005.png
Aquaeous Transition,RR01-006.png
Flora Overgrowth,RR01-007.png
Orium Fracture,RR01-008.png
Von Ruthro Teapot ,RR01-009.png
Elixir,RR01-010.png
Boline,RR01-011.png
Vial of Quintessence,RR01-012.png
Otrix's Doll of Pins,RR01-013.png
Magus Elite Helmet,RR01-014.png
Agent's Lamp,RR01-015.png
Raven's Eye,RR01-016.png
Mandrake,RR01-017.png
Occultist's Stang,RR01-018.png
Alchemist's Tincture,RR01-019.png
Deadly Spores,RR01-020.png
Muon Sphere,RR01-021.png
Corrupted Muon Trap,RR01-022.png
Occultist's Scourge,RR01-023.png
Jarvis' Satchel,RR01-024.png
Hex Clunker Parts,RR01-025.png
Achrom Converter,RR01-026.png
Replenishment,RR01-027.png
Preparation,RR01-028.png
Arabella's Recipe,RR01-029.png
Lost in the Woods,RR01-030.png
Achrom Blast,RR01-031.png
Revolt,RR01-032.png
Otrix's Conjuring,RR01-033.png
Apprehend,RR01-034.png
Ravensight,RR01-035.png
Chromatic Shield,RR01-036.png
Cursed Crystals of Arcus,RR01-037.png
Scorched Stones,RR01-038.png
Invictus Charm,RR01-039.png
Vajra Dorje,RR01-040.png
Crown of Claws,RR01-041.png
Impundulu Feather,RR01-042.png
DRACO'S TEAR ,RR01-043.png
Battle Bo of Arcus,RR01-044.png
Dragon Tooth Kunai,RR01-045.png
Corrupted Prism Stone,RR01-046.png
Sacred Robe,RR01-047.png
Stolen Dragon Egg,RR01-048.png
Materno's Egg,RR01-049.png
Heavy Tome,RR01-050.png
Sacrificial Ovoo,RR01-051.png
Draco Temple Scroll,RR01-052.png
Dark Toli,RR01-053.png
Ornithopter,RR01-054.png
Claw Slash,RR01-055.png
Drake Corruption,RR01-056.png
Crucial Discovery,RR01-057.png
Research Assistants,RR01-058.png
Scorch ,RR01-059.png
Meditation,RR01-060.png
Kyusho Kougeki Jyutsu,RR01-061.png
Search for Power,RR01-062.png
Ancient Rituals,RR01-063.png
Bathed in Achrom,RR01-064.png
Hawthorn ,RR01-065.png
Silver Sprinkles Plant,RR01-066.png
Release the Fireflies,RR01-067.png
Wincey's Spectacles,RR01-068.png
Corruption Grenade,RR01-069.png
Wing Clipper,RR01-070.png
Chroma Canister,RR01-071.png
Factory Overalls,RR01-072.png
Fallen Stone Skeleton Key,RR01-073.png
Circlet of Dovetail,RR01-074.png
Teacher's Lectern,RR01-075.png
Painter's Goggles,RR01-076.png
Craven's Katana,RR01-077.png
Dr Hue's Lab Coat,RR01-078.png
Funguar Eggs,RR01-079.png
Fleebee Catapult,RR01-080.png
Contaminated Ballistics Belt,RR01-081.png
Fairy Book Bag,RR01-082.png
Soronno's Glare,RR01-083.png
PIXIE ENLISTING,RR01-084.png
Creature Comforts,RR01-085.png
Achrom Smog,RR01-086.png
Chroma Bomb,RR01-087.png
Painting Class ,RR01-088.png
Factory Production Line,RR01-089.png
Cutting Cocoons,RR01-090.png
Squad Formation,RR01-091.png
Awaken the Guardians,RR01-092.png
Shield of Lacringi,RR01-093.png
Astrid's Talisman,RR01-094.png
Lacringi Soothing Totem,RR01-095.png
Samr Drums,RR01-096.png
Pouch of Prosperity,RR01-097.png
Lacringi Headdress,RR01-098.png
Brisgavi Samr Band,RR01-099.png
Thrall's Cuffs,RR01-100.png
Violet Flora,RR01-101.png
Spider Silk,RR01-102.png
Brynhild's Cookpot,RR01-103.png
Brisgavi Axe,RR01-104.png
Orium Diamond,RR01-105.png
Corrupted Orium,RR01-106.png
Siv's Shield,RR01-107.png
Trader's Cart,RR01-108.png
Brisgavi Drinking Horn,RR01-109.png
Gisle's Sash,RR01-110.png
Load the Carts,RR01-111.png
Roll with the Punches,RR01-112.png
Reforge,RR01-113.png
Norso Trade Deal,RR01-114.png
Lacringi Shield Wall,RR01-115.png
Tufter's Companionship,RR01-116.png
Riled Up ,RR01-117.png
Cave Expedition,RR01-118.png
Enslave the Thrall,RR01-119.png
Brisgavi Feast,RR01-120.png
The Conjuring at Curdle Cove,CH02-PR-001.png
Salum Spring,SE-001.png
Loose Shards,SH-001.png
Pouch of Shards,SH-002.png
HAIM Shard Cache,SH-003.png